{
  "training_duration": "0:09:12.610796",
  "final_loss": null,
  "best_combined_score": 0.6833333333333332,
  "total_steps": 15,
  "final_epoch": 26.271186440677965
}