{
  "training_duration": "0:11:30.432425",
  "final_loss": null,
  "best_combined_score": 0.6416666666666666,
  "total_steps": 15,
  "final_epoch": 26.271186440677965
}