{
  "training_duration": "2:18:37.436560",
  "final_loss": null,
  "best_combined_score": 0.7475999999999998,
  "total_steps": 139,
  "final_epoch": 29.9906191369606
}