{
  "training_duration": "0:11:53.955955",
  "final_loss": null,
  "best_combined_score": 0.692,
  "total_steps": 15,
  "final_epoch": 26.271186440677965
}