{
  "training_duration": "0:09:20.484737",
  "final_loss": null,
  "best_combined_score": 0.665,
  "total_steps": 15,
  "final_epoch": 26.271186440677965
}