{
  "training_duration": "2:36:09.381050",
  "final_loss": null,
  "best_socratic_score": 0.33349999999999996,
  "total_steps": 119,
  "final_epoch": 29.558490566037737
}