{
  "training_duration": "0:09:04.882299",
  "final_loss": null,
  "best_combined_score": 0.7349999999999999,
  "total_steps": 15,
  "final_epoch": 26.271186440677965
}