{
  "training_duration": "1:21:32.722892",
  "final_loss": null,
  "best_socratic_score": 0.06936910311910312,
  "total_steps": 69,
  "final_epoch": 30.0
}