{
  "training_duration": "3:17:46.441390",
  "final_loss": null,
  "best_socratic_score": 0.08272150974025977,
  "total_steps": 119,
  "final_epoch": 29.558490566037737
}