{
  "training_duration": "0:11:42.078651",
  "final_loss": null,
  "best_combined_score": 0.6466666666666665,
  "total_steps": 15,
  "final_epoch": 26.271186440677965
}